REF_DATE,GEO,NOC21_5,Title,VALUE
2021,Canada,10,Legislators,8630
2021,Canada,18,Seniors managers - public and private sector,246135
2021,Canada,10010,Financial managers,75105
2021,Canada,10011,Human resources managers,50350
2021,Canada,10012,Purchasing managers,26730
2021,Canada,10019,Other administrative services managers,46900
2021,Canada,10020,"Insurance, real estate and financial brokerage managers",35985
2021,Canada,10021,"Banking, credit and other investment managers",74470
2021,Canada,10022,"Advertising, marketing and public relations managers",92070
2021,Canada,10029,Other business services managers,22495
2021,Canada,10030,Telecommunication carriers managers,10510
2021,Canada,11100,Financial auditors and accountants,200345
2021,Canada,11101,Financial and investment analysts,58915
2021,Canada,11102,Financial advisors,97575
2021,Canada,11103,"Securities agents, investment dealers and brokers",15000
2021,Canada,11109,Other financial officers,30355
2021,Canada,11200,Human resources professionals,95170
2021,Canada,11201,Professional occupations in business management consulting,105710
2021,Canada,11202,"Professional occupations in advertising, marketing and public relations",149740
2021,Canada,12010,"Supervisors, general office and administrative support workers",18495
2021,Canada,12011,"Supervisors, finance and insurance office workers",17400
2021,Canada,12012,"Supervisors, library, correspondence and related information workers",3065
2021,Canada,12013,"Supervisors, supply chain, tracking and scheduling coordination occupations",28495
2021,Canada,12100,Executive assistants,47920
2021,Canada,12101,Human resources and recruitment officers,41320
2021,Canada,12102,Procurement and purchasing agents and officers,49730
2021,Canada,12103,Conference and event planners,21620
2021,Canada,12104,Employment insurance and revenue officers,32295
2021,Canada,12110,"Court reporters, medical transcriptionists and related occupations",9325
2021,Canada,12111,Health information management occupations,6115
2021,Canada,12112,Records management technicians,2850
2021,Canada,12113,Statistical officers and related research support occupations,5200
2021,Canada,12200,Accounting technicians and bookkeepers,140180
2021,Canada,12201,Insurance adjusters and claims examiners,30355
2021,Canada,12202,Insurance underwriters,16775
2021,Canada,12203,"Assessors, business valuators and appraisers",15895
2021,Canada,13100,Administrative officers,276185
2021,Canada,13101,Property administrators,45375
2021,Canada,13102,Payroll administrators,39695
2021,Canada,13110,Administrative assistants,264280
2021,Canada,13111,Legal administrative assistants,43830
2021,Canada,13112,Medical administrative assistants,34070
2021,Canada,13200,"Customs, ship and other brokers",4895
2021,Canada,13201,Production and transportation logistics coordinators,49920
2021,Canada,14100,General office support workers,178025
2021,Canada,14101,Receptionists,146105
2021,Canada,14102,Personnel clerks,11685
2021,Canada,14103,Court clerks and related court services occupations,4925
2021,Canada,14110,Survey interviewers and statistical clerks,14530
2021,Canada,14111,Data entry clerks,41165
2021,Canada,14112,Desktop publishing operators and related occupations,715
2021,Canada,14200,Accounting and related clerks,166695
2021,Canada,14201,"Banking, insurance and other financial clerks",19170
2021,Canada,14202,Collection clerks,12320
2021,Canada,14300,Library assistants and clerks,13105
2021,Canada,14301,"Correspondence, publication and regulatory clerks",19365
2021,Canada,14400,Shippers and receivers,119860
2021,Canada,14401,Storekeepers and partspersons,44345
2021,Canada,14402,Production logistics workers,8740
2021,Canada,14403,Purchasing and inventory control workers,34985
2021,Canada,14404,Dispatchers,30740
2021,Canada,14405,Transportation route and crew schedulers,3970
2021,Canada,20010,Engineering managers,31765
2021,Canada,20011,Architecture and science managers,15075
2021,Canada,20012,Computer and information systems managers,83780
2021,Canada,21100,Physicists and astronomers,2640
2021,Canada,21101,Chemists,16555
2021,Canada,21102,Geoscientists and oceanographers,11230
2021,Canada,21103,Meteorologists and climatologists,890
2021,Canada,21109,Other professional occupations in physical sciences,575
2021,Canada,21110,Biologists and related scientists,35430
2021,Canada,21111,Forestry professionals,5145
2021,Canada,21112,"Agricultural representatives, consultants and specialists",7125
2021,Canada,21120,Public and environmental health and safety professionals,20200
2021,Canada,21200,Architects,20055
2021,Canada,21201,Landscape architects,2165
2021,Canada,21202,Urban and land use planners,19545
2021,Canada,21203,Land surveyors,7315
2021,Canada,21210,"Mathematicians, statisticians and actuaries",13510
2021,Canada,21211,Data scientists,14865
2021,Canada,21220,Cybersecurity specialists,14650
2021,Canada,21221,Business systems specialists,31475
2021,Canada,21222,Information systems specialists,138025
2021,Canada,21223,Database analysts and data administrators,25050
2021,Canada,21230,Computer systems developers and programmers,42405
2021,Canada,21231,Software engineers and designers,87420
2021,Canada,21232,Software developers and programmers,90945
2021,Canada,21233,Web designers,12485
2021,Canada,21234,Web developers and programmers,54525
2021,Canada,21300,Civil engineers,66750
2021,Canada,21301,Mechanical engineers,56245
2021,Canada,21310,Electrical and electronics engineers,45815
2021,Canada,21311,Computer engineers (except software engineers and designers),25930
2021,Canada,21320,Chemical engineers,11510
2021,Canada,21321,Industrial and manufacturing engineers,16450
2021,Canada,21322,Metallurgical and materials engineers,2695
2021,Canada,21330,Mining engineers,3365
2021,Canada,21331,Geological engineers,3730
2021,Canada,21332,Petroleum engineers,5350
2021,Canada,21390,Aerospace engineers,5500
2021,Canada,21399,Other professional engineers,6120
2021,Canada,22100,Chemical technologists and technicians,12475
2021,Canada,22101,Geological and mineral technologists and technicians,7780
2021,Canada,22110,Biological technologists and technicians,10225
2021,Canada,22111,Agricultural and fish products inspectors,3530
2021,Canada,22112,Forestry technologists and technicians,6700
2021,Canada,22113,Conservation and fishery officers,3615
2021,Canada,22114,Landscape and horticulture technicians and specialists,25935
2021,Canada,22210,Architectural technologists and technicians,14045
2021,Canada,22211,Industrial designers,10900
2021,Canada,22212,Drafting technologists and technicians,28290
2021,Canada,22213,Land survey technologists and technicians,3325
2021,Canada,22214,Technical occupations in geomatics and meteorology,8895
2021,Canada,22220,Computer network and web technicians,67530
2021,Canada,22221,User support technicians,62305
2021,Canada,22222,Information systems testing technicians,10425
2021,Canada,22230,Non-destructive testers and inspectors,6635
2021,Canada,22231,Engineering inspectors and regulatory officers,7000
2021,Canada,22232,Occupational health and safety specialists,19835
2021,Canada,22233,Construction inspectors,16280
2021,Canada,22300,Civil engineering technologists and technicians,22305
2021,Canada,22301,Mechanical engineering technologists and technicians,31350
2021,Canada,22302,Industrial engineering and manufacturing technologists and technicians,16895
2021,Canada,22303,Construction estimators,27090
2021,Canada,22310,Electrical and electronics engineering technologists and technicians,44370
2021,Canada,22311,Electronic service technicians (household and business equipment),51495
2021,Canada,22312,Industrial instrument technicians and mechanics,9025
2021,Canada,22313,"Aircraft instrument, electrical and avionics mechanics, technicians and inspectors",5420
2021,Canada,30010,Managers in health care,37415
2021,Canada,31100,Specialists in clinical and laboratory medicine,36370
2021,Canada,31101,Specialists in surgery,10770
2021,Canada,31102,General practitioners and family physicians,60895
2021,Canada,31103,Veterinarians,11565
2021,Canada,31110,Dentists,23475
2021,Canada,31111,Optometrists,6765
2021,Canada,31112,Audiologists and speech-language pathologists,12460
2021,Canada,31120,Pharmacists,42710
2021,Canada,31121,Dietitians and nutritionists,11500
2021,Canada,31200,Psychologists,19765
2021,Canada,31201,Chiropractors,9500
2021,Canada,31202,Physiotherapists,27020
2021,Canada,31203,Occupational therapists,17950
2021,Canada,31204,Kinesiologists and other professional occupations in therapy and assessment,10840
2021,Canada,31209,Other professional occupations in health diagnosing and treating,7365
2021,Canada,31300,Nursing coordinators and supervisors,14195
2021,Canada,31301,Registered nurses and registered psychiatric nurses,325750
2021,Canada,31302,Nurse practitioners,6595
2021,Canada,31303,"Physician assistants, midwives and allied health professionals",2970
2021,Canada,32100,Opticians,9775
2021,Canada,32101,Licensed practical nurses,74195
2021,Canada,32102,Paramedical occupations,30630
2021,Canada,32103,"Respiratory therapists, clinical perfusionists and cardiopulmonary technologists",13275
2021,Canada,32104,Animal health technologists and veterinary technicians,21290
2021,Canada,32109,Other technical occupations in therapy and assessment,17980
2021,Canada,32110,Denturists,2575
2021,Canada,32111,Dental hygienists and dental therapists,28300
2021,Canada,32112,Dental technologists and technicians,5225
2021,Canada,32120,Medical laboratory technologists,19800
2021,Canada,32121,Medical radiation technologists,19820
2021,Canada,32122,Medical sonographers,6655
2021,Canada,32123,Cardiology technologists and electrophysiological diagnostic technologists,3080
2021,Canada,32124,Pharmacy technicians,26365
2021,Canada,32129,Other medical technologists and technicians,5035
2021,Canada,32200,Traditional Chinese medicine practitioners and acupuncturists,4930
2021,Canada,32201,Massage therapists,40735
2021,Canada,32209,Other practitioners of natural healing,5330
2021,Canada,33100,Dental assistants and dental laboratory assistants,36945
2021,Canada,33101,Medical laboratory assistants and related technical occupations,20195
2021,Canada,33102,"Nurse aides, orderlies and patient service associates",348665
2021,Canada,33103,Pharmacy technical assistants and pharmacy assistants,31075
2021,Canada,33109,Other assisting occupations in support of health services,36340
2021,Canada,40010,Government managers - health and social policy development and program administration,7845
2021,Canada,40011,"Government managers - economic analysis, policy development and program administration",11760
2021,Canada,40012,Government managers - education policy development and program administration,1945
2021,Canada,40019,Other managers in public administration,4855
2021,Canada,40020,Administrators - post-secondary education and vocational training,17470
2021,Canada,40021,School principals and administrators of elementary and secondary education,30785
2021,Canada,40030,"Managers in social, community and correctional services",34545
2021,Canada,40040,Commissioned police officers and related occupations in public protection services,2125
2021,Canada,40041,Fire chiefs and senior firefighting officers,2555
2021,Canada,40042,Commissioned officers of the Canadian Armed Forces,18085
2021,Canada,41100,Judges,3030
2021,Canada,41101,Lawyers and Quebec notaries,101540
2021,Canada,41200,University professors and lecturers,73120
2021,Canada,41201,Post-secondary teaching and research assistants,97275
2021,Canada,41210,College and other vocational instructors,98825
2021,Canada,41220,Secondary school teachers,154310
2021,Canada,41221,Elementary school and kindergarten teachers,299895
2021,Canada,41300,Social workers,66260
2021,Canada,41301,Therapists in counselling and related specialized therapies,35770
2021,Canada,41302,Religious leaders,27945
2021,Canada,41310,Police investigators and other investigative occupations,3495
2021,Canada,41311,Probation and parole officers,5215
2021,Canada,41320,Educational counsellors,26760
2021,Canada,41321,Career development practitioners and career counsellors (except education),11765
2021,Canada,41400,"Natural and applied science policy researchers, consultants and program officers",35710
2021,Canada,41401,Economists and economic policy researchers and analysts,23030
2021,Canada,41402,Business development officers and market researchers and analysts,43910
2021,Canada,41403,"Social policy researchers, consultants and program officers",42880
2021,Canada,41404,"Health policy researchers, consultants and program officers",27695
2021,Canada,41405,"Education policy researchers, consultants and program officers",26520
2021,Canada,41406,"Recreation, sports and fitness policy researchers, consultants and program officers",9900
2021,Canada,41407,Program officers unique to government,12890
2021,Canada,41409,Other professional occupations in social science,6760
2021,Canada,42100,Police officers (except commissioned),71965
2021,Canada,42101,Firefighters,32830
2021,Canada,42102,Specialized members of the Canadian Armed Forces,1565
2021,Canada,42200,Paralegals and related occupations,31860
2021,Canada,42201,Social and community service workers,181145
2021,Canada,42202,Early childhood educators and assistants,226460
2021,Canada,42203,Instructors of persons with disabilities,33735
2021,Canada,42204,Religion workers,8190
2021,Canada,43100,Elementary and secondary school teacher assistants,103625
2021,Canada,43109,Other instructors,36050
2021,Canada,43200,Sheriffs and bailiffs,5360
2021,Canada,43201,Correctional service officers,24370
2021,Canada,43202,By-law enforcement and other regulatory officers,10370
2021,Canada,43203,"Border services, customs, and immigration officers",10380
2021,Canada,43204,Operations members of the Canadian Armed Forces,34130
2021,Canada,44100,Home child care providers,55690
2021,Canada,44101,"Home support workers, caregivers and related occupations",52105
2021,Canada,44200,Primary combat members of the Canadian Armed Forces,9100
2021,Canada,45100,"Student monitors, crossing guards and related occupations",26965
2021,Canada,50010,"Library, archive, museum and art gallery managers",4695
2021,Canada,50011,"Managers - publishing, motion pictures, broadcasting and performing arts",8375
2021,Canada,50012,"Recreation, sports and fitness program and service directors",13200
2021,Canada,51100,Librarians,8665
2021,Canada,51101,Conservators and curators,2030
2021,Canada,51102,Archivists,1535
2021,Canada,51110,Editors,14505
2021,Canada,51111,Authors and writers (except technical),24680
2021,Canada,51112,Technical writers,8450
2021,Canada,51113,Journalists,10560
2021,Canada,51114,"Translators, terminologists and interpreters",17750
2021,Canada,51120,"Producers, directors, choreographers and related occupations",34355
2021,Canada,51121,"Conductors, composers and arrangers",3515
2021,Canada,51122,Musicians and singers,31520
2021,Canada,52100,Library and public archive technicians,9535
2021,Canada,52110,Film and video camera operators,5325
2021,Canada,52111,Graphic arts technicians,12725
2021,Canada,52112,Broadcast technicians,1870
2021,Canada,52113,Audio and video recording technicians,26160
2021,Canada,52114,Announcers and other broadcasters,4880
2021,Canada,52119,"Other technical and coordinating occupations in motion pictures, broadcasting and the performing arts",27520
2021,Canada,52120,Graphic designers and illustrators,83115
2021,Canada,52121,Interior designers and interior decorators,29400
2021,Canada,53100,"Registrars, restorers, interpreters and other occupations related to museum and art galleries",5390
2021,Canada,53110,Photographers,17315
2021,Canada,53111,"Motion pictures, broadcasting, photography and performing arts assistants and operators",12130
2021,Canada,53120,Dancers,8820
2021,Canada,53121,"Actors, comedians and circus performers",14750
2021,Canada,53122,"Painters, sculptors and other visual artists",17965
2021,Canada,53123,"Theatre, fashion, exhibit and other creative designers",13585
2021,Canada,53124,Artisans and craftspersons,16535
2021,Canada,53125,"Patternmakers - textile, leather and fur products",655
2021,Canada,53200,Athletes,3410
2021,Canada,53201,Coaches,14740
2021,Canada,53202,Sports officials and referees,2045
2021,Canada,54100,"Program leaders and instructors in recreation, sport and fitness",80860
2021,Canada,55109,Other performers,4230
2021,Canada,60010,Corporate sales managers,77795
2021,Canada,60020,Retail and wholesale trade managers,397075
2021,Canada,60030,Restaurant and food service managers,147890
2021,Canada,60031,Accommodation service managers,26625
2021,Canada,60040,Managers in customer and personal services,27140
2021,Canada,62010,Retail sales supervisors,61670
2021,Canada,62020,Food service supervisors,72945
2021,Canada,62021,Executive housekeepers,1870
2021,Canada,62022,"Accommodation, travel, tourism and related services supervisors",5935
2021,Canada,62023,Customer and information services supervisors,10580
2021,Canada,62024,Cleaning supervisors,13435
2021,Canada,62029,Other services supervisors,10960
2021,Canada,62100,Technical sales specialists - wholesale trade,51340
2021,Canada,62101,Retail and wholesale buyers,34745
2021,Canada,62200,Chefs,66825
2021,Canada,62201,Funeral directors and embalmers,5110
2021,Canada,62202,"Jewellers, jewellery and watch repairers and related occupations",3890
2021,Canada,63100,Insurance agents and brokers,79615
2021,Canada,63101,Real estate agents and salespersons,113070
2021,Canada,63102,Financial sales representatives,60165
2021,Canada,63200,Cooks,184200
2021,Canada,63201,Butchers - retail and wholesale,10760
2021,Canada,63202,Bakers,47045
2021,Canada,63210,Hairstylists and barbers,90430
2021,Canada,63211,"Estheticians, electrologists and related occupations",62525
2021,Canada,63220,Shoe repairers and shoemakers,10025
2021,Canada,63221,Upholsterers,3635
2021,Canada,64100,Retail salespersons and visual merchandisers,631835
2021,Canada,64101,Sales and account representatives - wholesale trade (non-technical),63990
2021,Canada,64200,"Tailors, dressmakers, furriers and milliners",17475
2021,Canada,64201,"Image, social and other personal consultants",2325
2021,Canada,64300,Maîtres d'hôtel and hosts/hostesses,17040
2021,Canada,64301,Bartenders,27145
2021,Canada,64310,Travel counsellors,17775
2021,Canada,64311,Pursers and flight attendants,11425
2021,Canada,64312,Airline ticket and service agents,10740
2021,Canada,64313,"Ground and water transport ticket agents, cargo service representatives and related clerks",1695
2021,Canada,64314,Hotel front desk clerks,16830
2021,Canada,64320,Tour and travel guides,2290
2021,Canada,64321,Casino workers,6710
2021,Canada,64322,Outdoor sport and recreational guides,2210
2021,Canada,64400,Customer services representatives - financial institutions,59155
2021,Canada,64401,Postal services representatives,7305
2021,Canada,64409,Other customer and information services representatives,248245
2021,Canada,64410,Security guards and related security service occupations,120255
2021,Canada,65100,Cashiers,359835
2021,Canada,65101,Service station attendants,8985
2021,Canada,65102,"Store shelf stockers, clerks and order fillers",229030
2021,Canada,65109,Other sales related occupations,29905
2021,Canada,65200,Food and beverage servers,121390
2021,Canada,65201,"Food counter attendants, kitchen helpers and related support occupations",393920
2021,Canada,65202,Meat cutters and fishmongers - retail and wholesale,6875
2021,Canada,65210,"Support occupations in accommodation, travel and facilities set-up services",3020
2021,Canada,65211,"Operators and attendants in amusement, recreation and sport",28970
2021,Canada,65220,Pet groomers and animal care workers,27785
2021,Canada,65229,Other support occupations in personal services,2745
2021,Canada,65310,Light duty cleaners,266085
2021,Canada,65311,Specialized cleaners,42690
2021,Canada,65312,"Janitors, caretakers and heavy-duty cleaners",111550
2021,Canada,65320,"Dry cleaning, laundry and related occupations",17505
2021,Canada,65329,Other service support occupations,24010
2021,Canada,70010,Construction managers,95785
2021,Canada,70011,Home building and renovation managers,56365
2021,Canada,70012,Facility operation and maintenance managers,75935
2021,Canada,70020,Managers in transportation,40295
2021,Canada,70021,Postal and courier services managers,4170
2021,Canada,72010,"Contractors and supervisors, machining, metal forming, shaping and erecting trades and related occupations",13735
2021,Canada,72011,"Contractors and supervisors, electrical trades and telecommunications occupations",23580
2021,Canada,72012,"Contractors and supervisors, pipefitting trades",8095
2021,Canada,72013,"Contractors and supervisors, carpentry trades",15655
2021,Canada,72014,"Contractors and supervisors, other construction trades, installers, repairers and servicers",47735
2021,Canada,72020,"Contractors and supervisors, mechanic trades",26045
2021,Canada,72021,"Contractors and supervisors, heavy equipment operator crews",43425
2021,Canada,72022,"Supervisors, printing and related occupations",2075
2021,Canada,72023,"Supervisors, railway transport operations",1260
2021,Canada,72024,"Supervisors, motor transport and other ground transit operators",10705
2021,Canada,72025,"Supervisors, mail and message distribution occupations",8170
2021,Canada,72100,Machinists and machining and tooling inspectors,37145
2021,Canada,72101,Tool and die makers,9870
2021,Canada,72102,Sheet metal workers,19155
2021,Canada,72103,Boilermakers,3815
2021,Canada,72104,Structural metal and platework fabricators and fitters,6585
2021,Canada,72105,Ironworkers,13290
2021,Canada,72106,Welders and related machine operators,90560
2021,Canada,72200,Electricians (except industrial and power system),99690
2021,Canada,72201,Industrial electricians,21525
2021,Canada,72202,Power system electricians,4995
2021,Canada,72203,Electrical power line and cable workers,12950
2021,Canada,72204,Telecommunications line and cable installers and repairers,9905
2021,Canada,72205,Telecommunications equipment installation and cable television service technicians,20765
2021,Canada,72300,Plumbers,53380
2021,Canada,72301,"Steamfitters, pipefitters and sprinkler system installers",21025
2021,Canada,72302,Gas fitters,6905
2021,Canada,72310,Carpenters,165965
2021,Canada,72311,Cabinetmakers,16765
2021,Canada,72320,Bricklayers,17325
2021,Canada,72321,Insulators,9195
2021,Canada,72400,Construction millwrights and industrial mechanics,64690
2021,Canada,72401,Heavy-duty equipment mechanics,44830
2021,Canada,72402,"Heating, refrigeration and air conditioning mechanics",30830
2021,Canada,72403,Railway carmen/women,2440
2021,Canada,72404,Aircraft mechanics and aircraft inspectors,18165
2021,Canada,72405,Machine fitters,2065
2021,Canada,72406,Elevator constructors and mechanics,5945
2021,Canada,72410,"Automotive service technicians, truck and bus mechanics and mechanical repairers",154130
2021,Canada,72411,"Auto body collision, refinishing and glass technicians and damage repair estimators",30125
2021,Canada,72420,Oil and solid fuel heating mechanics,1605
2021,Canada,72421,Appliance servicers and repairers,5860
2021,Canada,72422,Electrical mechanics,10450
2021,Canada,72423,"Motorcycle, all-terrain vehicle and other related mechanics",6890
2021,Canada,72429,Other small engine and small equipment repairers,2730
2021,Canada,72500,Crane operators,13625
2021,Canada,72501,Water well drillers,605
2021,Canada,72600,"Air pilots, flight engineers and flying instructors",16615
2021,Canada,72601,Air traffic controllers and related occupations,4475
2021,Canada,72602,"Deck officers, water transport",5450
2021,Canada,72603,"Engineer officers, water transport",1360
2021,Canada,72604,Railway traffic controllers and marine traffic regulators,1365
2021,Canada,72999,Other technical trades and related occupations,9255
2021,Canada,73100,Concrete finishers,9250
2021,Canada,73101,Tilesetters,9185
2021,Canada,73102,"Plasterers, drywall installers and finishers and lathers",29455
2021,Canada,73110,Roofers and shinglers,23735
2021,Canada,73111,Glaziers,8375
2021,Canada,73112,Painters and decorators (except interior decorators),43535
2021,Canada,73113,Floor covering installers,12040
2021,Canada,73200,Residential and commercial installers and servicers,52295
2021,Canada,73201,General building maintenance workers and building superintendents,100720
2021,Canada,73202,Pest controllers and fumigators,4270
2021,Canada,73209,Other repairers and servicers,10650
2021,Canada,73300,Transport truck drivers,371875
2021,Canada,73301,"Bus drivers, subway operators and other transit operators",92720
2021,Canada,73310,Railway and yard locomotive engineers,5660
2021,Canada,73311,Railway conductors and brakemen/women,5675
2021,Canada,73400,Heavy equipment operators,92305
2021,Canada,73401,Printing press operators,14215
2021,Canada,73402,"Drillers and blasters - surface mining, quarrying and construction",4415
2021,Canada,74100,Mail and parcel sorters and related occupations,23300
2021,Canada,74101,Letter carriers,32735
2021,Canada,74102,Couriers and messengers,34965
2021,Canada,74200,Railway yard and track maintenance workers,5625
2021,Canada,74201,Water transport deck and engine room crew,4355
2021,Canada,74202,Air transport ramp attendants,9280
2021,Canada,74203,Automotive and heavy truck and equipment parts installers and servicers,14640
2021,Canada,74204,Utility maintenance workers,5955
2021,Canada,74205,Public works maintenance equipment operators and related workers,14270
2021,Canada,75100,Longshore workers,5685
2021,Canada,75101,Material handlers,224380
2021,Canada,75110,Construction trades helpers and labourers,214645
2021,Canada,75119,Other trades helpers and labourers,12210
2021,Canada,75200,Taxi and limousine drivers and chauffeurs,58925
2021,Canada,75201,Delivery service drivers and door-to-door distributors,101370
2021,Canada,75210,Boat and cable ferry operators and related occupations,2700
2021,Canada,75211,Railway and motor transport labourers,4970
2021,Canada,75212,Public works and maintenance labourers,31795
2021,Canada,80010,Managers in natural resources production and fishing,9955
2021,Canada,80020,Managers in agriculture,165070
2021,Canada,80021,Managers in horticulture,3860
2021,Canada,80022,Managers in aquaculture,930
2021,Canada,82010,"Supervisors, logging and forestry",6325
2021,Canada,82020,"Supervisors, mining and quarrying",7875
2021,Canada,82021,"Contractors and supervisors, oil and gas drilling and services",10960
2021,Canada,82030,Agricultural service contractors and farm supervisors,2900
2021,Canada,82031,"Contractors and supervisors, landscaping, grounds maintenance and horticulture services",21350
2021,Canada,83100,Underground production and development miners,13535
2021,Canada,83101,"Oil and gas well drillers, servicers, testers and related workers",7230
2021,Canada,83110,Logging machinery operators,6630
2021,Canada,83120,Fishing masters and officers,980
2021,Canada,83121,Fishermen/women,10725
2021,Canada,84100,Underground mine service and support workers,4235
2021,Canada,84101,Oil and gas well drilling and related workers and services operators,5640
2021,Canada,84110,Chain saw and skidder operators,7085
2021,Canada,84111,Silviculture and forestry workers,7355
2021,Canada,84120,Specialized livestock workers and farm machinery operators,45130
2021,Canada,84121,Fishing vessel deckhands,8850
2021,Canada,85100,Livestock labourers,30805
2021,Canada,85101,Harvesting labourers,11235
2021,Canada,85102,Aquaculture and marine harvest labourers,2540
2021,Canada,85103,Nursery and greenhouse labourers,17535
2021,Canada,85104,Trappers and hunters,510
2021,Canada,85110,Mine labourers,2800
2021,Canada,85111,"Oil and gas drilling, servicing and related labourers",7245
2021,Canada,85120,Logging and forestry labourers,5240
2021,Canada,85121,Landscaping and grounds maintenance labourers,116705
2021,Canada,90010,Manufacturing managers,72515
2021,Canada,90011,Utilities managers,11190
2021,Canada,92010,"Supervisors, mineral and metal processing",5420
2021,Canada,92011,"Supervisors, petroleum, gas and chemical processing and utilities",11890
2021,Canada,92012,"Supervisors, food and beverage processing",15525
2021,Canada,92013,"Supervisors, plastic and rubber products manufacturing",3555
2021,Canada,92014,"Supervisors, forest products processing",5500
2021,Canada,92015,"Supervisors, textile, fabric, fur and leather products processing and manufacturing",1095
2021,Canada,92020,"Supervisors, motor vehicle assembling",8170
2021,Canada,92021,"Supervisors, electronics and electrical products manufacturing",2195
2021,Canada,92022,"Supervisors, furniture and fixtures manufacturing",1590
2021,Canada,92023,"Supervisors, other mechanical and metal products manufacturing",2835
2021,Canada,92024,"Supervisors, other products manufacturing and assembly",3010
2021,Canada,92100,Power engineers and power systems operators,33920
2021,Canada,92101,Water and waste treatment plant operators,13310
2021,Canada,93100,"Central control and process operators, mineral and metal processing",2345
2021,Canada,93101,"Central control and process operators, petroleum, gas and chemical processing",22295
2021,Canada,93102,"Pulping, papermaking and coating control operators",710
2021,Canada,93200,Aircraft assemblers and aircraft assembly inspectors,5300
2021,Canada,94100,"Machine operators, mineral and metal processing",8260
2021,Canada,94101,Foundry workers,2395
2021,Canada,94102,Glass forming and finishing machine operators and glass cutters,2245
2021,Canada,94103,"Concrete, clay and stone forming operators",3780
2021,Canada,94104,"Inspectors and testers, mineral and metal processing",2210
2021,Canada,94105,Metalworking and forging machine operators,11535
2021,Canada,94106,Machining tool operators,8770
2021,Canada,94107,Machine operators of other metal products,2900
2021,Canada,94110,Chemical plant machine operators,7640
2021,Canada,94111,Plastics processing machine operators,13725
2021,Canada,94112,Rubber processing machine operators and related workers,5150
2021,Canada,94120,Sawmill machine operators,6170
2021,Canada,94121,"Pulp mill, papermaking and finishing machine operators",4870
2021,Canada,94122,Paper converting machine operators,3550
2021,Canada,94123,Lumber graders and other wood processing inspectors and graders,2480
2021,Canada,94124,Woodworking machine operators,6655
2021,Canada,94129,Other wood processing machine operators,2115
2021,Canada,94130,"Textile fibre and yarn, hide and pelt processing machine operators and workers",2745
2021,Canada,94131,"Weavers, knitters and other fabric making occupations",2220
2021,Canada,94132,Industrial sewing machine operators,13660
2021,Canada,94133,"Inspectors and graders, textile, fabric, fur and leather products manufacturing",1565
2021,Canada,94140,"Process control and machine operators, food and beverage processing",49275
2021,Canada,94141,"Industrial butchers and meat cutters, poultry preparers and related workers",16575
2021,Canada,94142,Fish and seafood plant workers,6850
2021,Canada,94143,"Testers and graders, food and beverage processing",7620
2021,Canada,94150,Plateless printing equipment operators,6730
2021,Canada,94151,"Camera, platemaking and other prepress occupations",1970
2021,Canada,94152,Binding and finishing machine operators,3380
2021,Canada,94153,Photographic and film processors,1240
2021,Canada,94200,"Motor vehicle assemblers, inspectors and testers",68840
2021,Canada,94201,"Electronics assemblers, fabricators, inspectors and testers",12970
2021,Canada,94202,"Assemblers and inspectors, electrical appliance, apparatus and equipment manufacturing",7205
2021,Canada,94203,"Assemblers, fabricators and inspectors, industrial electrical motors and transformers",2450
2021,Canada,94204,Mechanical assemblers and inspectors,10505
2021,Canada,94205,"Machine operators and inspectors, electrical apparatus manufacturing",885
2021,Canada,94210,"Furniture and fixture assemblers, finishers, refinishers and inspectors",17375
2021,Canada,94211,Assemblers and inspectors of other wood products,8265
2021,Canada,94212,"Plastic products assemblers, finishers and inspectors",4980
2021,Canada,94213,"Industrial painters, coaters and metal finishing process operators",14960
2021,Canada,94219,"Other products assemblers, finishers and inspectors",20435
2021,Canada,95100,Labourers in mineral and metal processing,9815
2021,Canada,95101,Labourers in metal fabrication,13485
2021,Canada,95102,Labourers in chemical products processing and utilities,19655
2021,Canada,95103,"Labourers in wood, pulp and paper processing",17830
2021,Canada,95104,Labourers in rubber and plastic products manufacturing,9185
2021,Canada,95105,Labourers in textile processing and cutting,5900
2021,Canada,95106,Labourers in food and beverage processing,85620
2021,Canada,95107,Labourers in fish and seafood processing,7940
2021,Canada,95109,"Other labourers in processing, manufacturing and utilities",88575